,Company Name,Product Name,Quantity,Price
1,Nandini GoodLife,Toned Milk,2x500 ml,43.68
2,Epigamia ,Greek Yogurt - Natural,90 gm,136.80
3,Milky Mist,Paneer - Premium Fresh,1 kg,310.00
4,Amul,Butter - Pasteurized,100 gm,44.62
5,Epigamia ,"Greek Yogurt - Blueberry, All Natural",90 gm,144.00
6,Nandini GoodLife,Skimmed Milk,500 ml,480.00
7,bb Combo,Fresho Organic Fresh Paneer 200G + Fresho Tomato Local 1 kg approx. 13 to 14 nos,Combo,59.40
8,bb Combo,Amul Taaza Toned Milk 1 lt + BB Royal Honey 1 kg,Combo,349.00
9,Amul Taaza,Toned Milk,1 lt,60.00
10,bb Combo,Amul Fresh Cream - 25% Milk Fat Low Fat 250 ml + Amul Malai Paneer 200 gm,Combo,127.00
11,Amul,Malai Paneer,2x200 gm,133.00
12,Epigamia ,"Greek Yogurt - Alphonso Mango, All Natural",90 gm,76.00
13,Milky Mist,Curd - Farm Fresh,500 gm,32.0
14,Epigamia ,"Greek Yogurt - Strawberry, All Natural",90 gm,144.00
15,Epigamia ,"Greek Yogurt - Wild, Raspberry",90 gm,144.00
16,Amul,Masti Buttermilk - Spice,1 lt,55.00
17,Amul,Cheese - Slices,2x200 gm,224.20
18,Nandini GoodLife,Toned Milk,500 ml,25.00
19,Nandini GoodLife,Cow Milk,1 lt,44.0
20,Nestle A+,Toned  Milk,12x1 ltr,800.04
21,Epigamia ,"Greek Yogurt - Natural, Low Fat",400 gm,432.00
22,Amul Gold,Homogenised Standardised Milk,6x1 L,370.08
23,Epigamia ,"Greek Yogurt - Honey Banana, All Natural",90 gm,144.00
24,Fresho Organic,Fresh Paneer,200 gm,49.00
25,Nestle A+,Dahi,2x400 gm,114.00
26,Epigamia ,"Greek Yogurt - Green Apple, All Natural",90 gm,144.00
27,Milky Mist,Natural Set Curd,1 kg,115.00
28,Yakult,Health Drink,325 ml,60.00
29,La Cremella,Natural - Cream Cheese,200 gm,225.00
30,Nestle ,Dairy Whitener - EveryDay,1 kg,413.00
31,Nandini Slim,Slim (Skimmed Milk),1 lt,50.00
32,Fresho Signature,"Cheese - Parmesan Gran Spico, Grated",200 gm,393.00
33,Amul,Processed Cheese - Chiplets (Cubes),200 gm,102.60
34,Amul Taaza,Fresh Toned Milk,200 ml,12.0
35,Nandini,Cooking Butter - Unsalted,200 gm,90.00
36,Nestle A+,Slim Dahi - Low Fat,400 gm,70.00
37,Amul,Pizza Cheese - Mozzarella,200 gm,90.0
38,Europaea,"Cow Milk - Double Toned, 1.5% Fat",1 ltr,117.00
39,Amul,Fresh Cream - 25% Milk Fat Low Fat,250 ml,57.00
40,Amul,Butter - Pasteurized,200 gm,94.00
41,Europaea,Vegan Farms Organic Almond Milk - Unsweetened,1 ltr,390.00
42,Milky Mist,Curd - Farm Fresh,2x400 gm,120.00
43,Amul,Fresh Paneer,200 gm,72.0
44,Fresho Signature,"Cheese - Mozzarella, Grated",200 gm,286.50
45,Fresho Signature,"Cheese - Parmesan Gran Spico, Block",200 gm,393.00
46,Nestle A+,Slim Milk - Low Fat,1 L,80.00
47,Milky Mist,Cheese - Slices,100 gm,66.60
48,Sofit ,Soya Milk - Sugar Free,2x1 L,204.00
49,bb Combo,Go Supremo Milk 1 ltr + Kelloggs Chocos 1.2 kg,Combo,465.00
50,Fresho Signature,"Cheese - Cheddar Yellow Block, Diced",100 gm,203.25
51,Europaea,Cow Milk - 3.5% Fat,1 ltr,117.00
52,Nestle ,Probiotic Dahi - Acti Plus,400 gm,70.00
53,Nestle ,Milkmaid,400 gm,113.00
54,Fresho Signature,"Cheese - Feta Greek, Diced",100 gm,289.50
55,Amul,Cooking Butter,500 gm,218.0
56,Fresho Signature,"Cheese - Feta Greek, Block",200 gm,579.75
57,American Bagel Factory,Cream Cheese - Plain,200 gm,390.00
58,Milky Mist,Cooking Butter - Unsalted,500 gm,216.00
59,Amul,Fresh Cream - 25% Milk Fat Low Fat,1 lt,182.00
60,bb Combo,Go Supremo Milk 1 ltr + Kelloggs Corn - Flakes 875 gm,Combo,350.00
61,Amul,Processed Cheese - Block,200 gm,102.00
62,Amul,Buttery Spread - Garlic & Herbs,100 gm,47.00
63,Amul,Cheese Spread - Yummy Plain,400 gm,150.00
64,mother dairy,Dailycious PP Curd,400 gm,20.00
65,Purez,Double Cream,200 ml,80.00
66,Purez,Fresh Cream,500 ml,100.00
67,Yakult,Probiotic Drink - Light,65 ml,80.00
68,MilkLane,UHT Processed Homogenized Toned Milk,500 ml,35.00
69,Purez,Unsalted Butter - White,200 gm,180.00
70,Purez,Unsalted Butter - Yellow,200 gm,180.00
71,Purez,Whipping Cream,200 ml,100.00
72,Europaea,Vegan Farms Organic Almond Milk - Original,1 ltr,390.00
73,Amul,Mithai Mate,400 gm,98.00
74,Dairy Craft,Cheese - Pizza,200 gm,125.00
75,Sofit ,Soya Milk - Vanilla,3x200 ml,76.50
76,Fresho Signature,"Cheese - Mozzarella, Diced",100 gm,143.25
77,Sofit ,Soya Milk - Chocolate,2x1 L,204.00
78,Sofit ,Soya Milk -  Chocolate,3x200 ml,76.50
79,Amul,Cheese Cubes - Processed,500 gm,250.00
80,Nestle ,Milk Powder - EveryDay,21.50 gm,10.00
81,Epigamia ,"Greek Yogurt - Vanilla Bean, All Natural",8x90 gm,288.00
82,Milky Mist,Khova - Unsweetened,200 gm,77.00
83,Amul,Whipping Cream,250 ml,63.00
84,Fresho Signature,"Cheese - Parmesan Gran Spico, Diced",100 gm,196.50
85,Fresho Signature,"Cheese - Gouda Premium Dutch, Diced",100 gm,178.50
86,Britannia,Daily Fresh - Dahi,150 gm,20.00
87,Amul,Lassi,250 ml,20.00
88,Milky Mist,Cheese - Cheddar,200 gm,139.00
89,Fresho Signature,"Cheese - Danish Blue Wheel, Diced",200 gm,374.25
90,Britannia,Cheese Slice - Processed Cheddar,200 gm,145.00
91,Fresho Signature,"Cheese - Cheddar Applewood Smoked, Diced",100 gm,257.25
92,Milky Mist,Cooking Butter - Unsalted,100 gm,45.00
93,Milky Mist,Cheese - Mozzarella Pizza,200 gm,108.00
94,Dairy Craft,Cheese - Mozzarella,200 gm,135.00
95,mother dairy,Dahi - Made From Toned Milk,400 gm,38.00
96,Amul,Butter - Unsalted,100 gm,47.00
97,Amul,Butter - Pasteurised (School Pack),100 gm,55.00
98,Sofit ,Soya Milk - Kesar Pista,3x200 ml,76.50
99,Amulya,Dairy Whitener,500 gm,175.00
100,Zanetti,Parmesan Cheese - Grated,80 gm,195.00
101,Zanetti,Parmesan Cheese - Grated,80 gm,195.00
102,Amul,Cheese Spread - Spicy Garlic,200 gm,80.00
103,Fresho Signature,"Cheese - Pepper Jack, Diced",100 gm,210.75
104,Nestle ,Flavoured Milk - Milo,180 ml,25.00
105,mother dairy,Mishti Doi,400 gm,55.00
106,LURPAK,Danish Butter - Unsalted,200 gm,395.00
107,Amul,Malai Paneer,100 gm,37.00
108,Go ,Supremo Milk,1 ltr,60.00
109,MOOZ,Cheese - Cream,150 gm,200.00
110,Soyfresh,Soya Milk,1 ltr,195.00
111,La Cremella,Mozzarella - D Bufala,200 gm,240.00
112,MOOZ,Cheese - Mascarpone Cream,150 gm,200.00
113,Fresho Signature,"Cheese - Parmesan Pecorino Romano D.O.P, Grated",100 gm,257.25
114,Cavins,Curd,1 kg,52.00
115,LHF,Almond Fresh Drinks - Natural,200 ml,70.00
116,Fresho Signature,"Cheese - Cheddar White Block, Diced",100 gm,203.25
117,ARLA,Whipping Cream 36% B.F.,200 ml,395.00
118,Nandini,Butter - Salted,100 gm,45.00
119,Amul,Malai Paneer - Block,1 kg,320.00
120,Britannia,Cheese - Cream,180 gm,199.00
121,ARLA,Feta Cheese - Danish White,500 gm,450.00
122,Amul,Amulya Dairy Whitener,1 kg,335.00
123,Quaker,Oats + Milk Mango Flavour,4x180 ml,110.40
124,Fresho Organic,"Butter - Unsalted, Home Style",100 gm,79.00
125,Dairy Craft,Cheddar - English,200 gm,255.00
126,Milky Mist,Cheese - Shredded Mozzarella,500 gm,230.00
127,Amul,Kool - Kesar,200 ml,20.00
128,Hersheys ,Milk Shake - Chocolate,3x200 ml,89.25
129,American Bagel Factory,Cream Cheese - Herb,200 gm,320.00
130,Fresho Signature,"Cheese - Emmenthal, Diced",100 gm,216.75
131,Milky Mist,Curd - Set,200 gm,30.00
132,Milky Mist,Cream - Fresh,200 gm,70.00
133,Milky Mist,Shrikhand - Mango,400 gm,112.00
134,Spray Lite,Cooking Spray - Natural,175 gm,274.01
135,Fresho Signature,"Cheese - Pepper Jack, Block",200 gm,421.50
136,Soyvita,Enriched Soy Beverage - Sweetened Regular Malt,200 gm,170.00
137,Sofit ,Soya Milk - Mango,3x200 ml,76.50
138,Fresho Signature,"Cheese - Gouda Olives & Tomato, Diced",100 gm,235.50
139,Amul,Lassi - Rose Flavour,1 lt,65.00
140,RRO Dairy,Cream Cheese - American Style,200 gm,318.75
141,Amul,Creami - Cheese Spread,200 gm,80.00
142,Pure Diet,Soy Paneer (Tofu),200 gm,60.00
143,Fresho Signature,"Cheese - Parmesan Grana Padano D.O.P, Grated",100 gm,239.25
144,ARLA,"Cheese - Mozzarella, Slice",150 gm,395.00
145,Nutralite,Table Spread - Cholesterol Free,500 gm,154.00
146,ARLA,Natural Processed Cheese - Spreadable,500 gm,375.00
147,Fresho Signature,"Cheese - Danish Blue Wheel, Block",200 gm,374.25
148,MOOZ,Cheese - Mozzarella,200 gm,200.00
149,Fresho Signature,"Cheese - Parmesan Parmigiano Reggiano Stravecchio D.O.P, Grated",100 gm,336.00
150,LURPAK,Butter Spreadable - Unsalted,250 gm,350.00
151,Delicious,Fat - Spread,100 gm,13.50
152,Amul,Bread Spread - Lite,200 gm,52.00
153,Amul,Cheese Spread - Oregano Pickle,200 gm,80.00
154,Fresho Signature,"Cheese - Swiss Gruyere, Block",200 gm,685.50
155,LHF,Almond Fresh Drinks - Vanilla,1 ltr,275.00
156,Lactima,Cheese Slice - Gouda,130 gm,180.00
157,Amul,Processed Slice,400 gm,223.00
158,Milky Mist,Fruit Yoghurt - Peach,100 gm,25.00
159,American Bagel Factory,Butter - Garlic,200 gm,310.00
160,Amulya,Dairy Whitener,500 gm,175.00
161,Nestle a+ Grekyo,Greek Yoghurt - Strawberry,100 gm,35.00
162,Dairy Craft,Cheese Slices - Plain,200 gm,155.00
163,Amul,Kool - Elaichi,200 ml,20.00
164,Fresho Signature,"Cheese - Edam Ball, Diced",100 gm,171.00
165,Kodai Dairy Farms,Cheese - Gouda,200 gm,220.00
166,Fresho Signature,"Cheese - Chevere Log (Fresh Rindless), Diced",100 gm,267.00
167,Lavache quirit,Laughing Cow Cheese,120 gm,270.00
168,ARLA,Fresh Cheese - Natural Light,150 gm,395.00
169,Cavins,Milkshake- Vanilla,180 ml,25.00
170,Fresho Signature,"Cheese - Parmesan Parmigiano Reggiano Stravecchio D.O.P, Block",200 gm,672.00
171,Kodai Dairy Farms,Cheese Gouda - Smoked,200 gm,240.00
172,Kraft,Parmesan Cheese Grated,226 gm,1035.00
173,Amul,Processed Cheese,400 gm,196.00
174,Fresho Signature,"Cheese - Parmesan Pecorino Romano D.O.P, Block",200 gm,514.50
175,Milky Mist,Cheese - Slice,765 gm,355.00
176,mother dairy,Cheese - Slices,200 gm,130.00
177,Amul,Cheese Spread - Punchy Pepper,200 gm,80.00
178,Dairy Craft,Feta Cheese,400 gm,445.00
179,Dodoni,Goat's Cheese - Katsiki,200 gm,595.00
180,Cavins,Milkshake- Chocolate,180 ml,25.00
181,Quaker,Oats + Milk Almond Flavour,4x180 ml,110.40
182,Nestle A+,Grekyo Yogurt - Blueberry,100 gm,35.00
183,Staeta,Fortified Soy Milk - Chocolate,200 ml,30.00
184,Hersheys ,Milk Shake - Strawberry,3x200 ml,89.25
185,President,Premium Butter - UnSalted,500 gm,230.00
186,Cavins,Curd - Premium,1 kg,110.00
187,La Cremella,Bocconcini,200 gm,240.00
188,RRO Dairy,Cheese - Mozzarella,200 gm,276.25
189,Kraft,Cheese - Processed Cheddar (Cup),200 gm,346.50
190,Britannia,Cheezza,400 gm,260.00
191,ARLA,"Cheese - Havarti, Slice",150 gm,395.00
192,Britannia,Cheese Cubes - Classic,200 gm,115.00
193,Cavins,Milkshake - Chocolate,1 ltr,104.00
194,Goodness,"Smoothie - Yogurt, Ginger Mint",190 ml,49.00
195,Cavins,Paneer - Soft,1 kg,350.00
196,Goodness,"Smoothie - Oats, Chocolate",190 ml,49.00
197,Nutralite,Table Spread - Cholesterol Free,200 gm,78.00
198,Kodai Dairy Farms,Mozzarella - Slab,200 gm,215.00
199,mother dairy,Butter,100 gm,46.00
200,Hersheys ,Milk Shake - Cookies & Creme,3x200 ml,89.25
201,Soyfresh,Soya Milk - Cappuccino,1 ltr,195.00
202,Amul,Kool - Rose,200 ml,20.00
203,Go ,Cream - Fresh,200 ml,50.00
204,Amul,Malt Beverage - Pro,500 gm,170.00
205,Amul,Shrikhand - Elaichi,500 gm,95.00
206,Cavins,Milkshake- Strawberry,180 ml,25.00
207,American Bagel Factory,Butter - Chilli  & Garlic,200 gm,310.00
208,Fresho Signature,"Cheese - Gouda Wild Garlic, Diced",100 gm,235.50
209,Fresho Signature,"Cheese - Gouda Herbs, Diced",100 gm,235.50
210,Dairy Craft,Cheese Slices - Herbs N Spices,200 gm,195.00
211,LURPAK,Butter Spreadable - Light Olive Oil,250 gm,425.00
212,Fresho Signature,"Cheese - Cheddar With Chillies, Cubes",200 gm,474.00
213,La Cremella,Bocconcini,100 gm,135.00
214,Amul,Shrikhand - Badam Pista,500 gm,110.00
215,Fresho Signature,"Cheese - Monterey Jack, Block",200 gm,421.50
216,Dairy Craft,Cheese Slices - Garlic,200 gm,195.00
217,Amul,Kool Cafe,200 ml,22.00
218,Zanetti,Cheese - Gran Spicco parmesan,200 gm,645.00
219,Britannia,Dairy Whitener,400 gm,150.00
220,Amul,Cheese - Gouda,250 gm,215.00
221,Fresho Signature,"Cheese - Swiss Gruyere, Diced",100 gm,342.75
222,Vijay Dairy Farm,Butter - White,200 gm,98.00
223,Dairy Craft,Smoked Cheddar - English,200 gm,310.00
224,John's,Mozzarella - Pizza,200 gm,185.00
225,Collier's,Mild Cheddar - White,200 gm,415.00
226,Fresho Signature,"Cheese - Cheddar With Chillies, Block",100 gm,237.00
227,Dairy Craft,Cheese Slices - Black Pepper,200 gm,195.00
228,Fresho Signature,"Cheese - Parmesan Grana Padano D.O.P, Block",200 gm,478.50
229,Dairy Craft,Feta Cheese - In Brine,400 gm,460.00
230,mother dairy,Fruit Yoghurt - Mango,100 gm,20.00
231,Milky Mist,Cheese Cubes,10 nos,100.80
232,mother dairy,Dairy Whitener - Dailycious,500 gm,190.00
233,Dodoni,Feta - Cheese,200 gm,635.00
234,Staeta,Fortified Soy Milk - Kesar Pista,200 ml,30.00
235,President,Premium Butter - Salted,100 gm,46.00
236,President,Premium Butter - Unsalted,100 gm,47.00
237,Amul,Cheese Spread - Red Chilli Flakes,200 gm,80.00
238,Milky Mist,Mozzarella - Pizza Cheese,1 kg,410.00
239,Britannia,Cheese Block,400 gm,250.00
240,President,Premium Butter - Salted,500 gm,225.00
241,Amul,Cheese Chiplets (Cubes),1 kg,470.00
242,Goodness,"Smoothie - Oats, Vanilla",190 ml,49.00
243,Soyfresh,Soya Milk - Chocolate,250 ml,60.00
244,Amul,Buttery Spread - Choco,200 gm,85.00
245,Amul,Fresh Paneer,1 kg,305.00
246,Kodai Dairy Farms,Cheese - Triple Layer,200 gm,220.00
247,Milky Mist,Cooking Butter,200 gm,90.00
248,Santa Maria,Soured Cream,280 gm,335.75
249,Cavins,Milkshake - Vanilla,1 ltr,104.00
250,Britannia,Butter,100 gm,52.00
251,LHF,Almond Fresh Drinks - Chocolate,200 ml,70.00
252,American Bagel Factory,Low Fat Table Spread - Chilli & Garlic,200 gm,310.00
253,Go ,Processed Cheese - Plain Angles,200 gm,115.00
254,Milky Mist,Cheddar - Cheese,1 kg,550.00
255,Kodai Dairy Farms,Cheese - Edam,200 gm,240.00
256,ARLA,Cheese - Gouda,150 gm,375.00
257,Fresho Signature,"Cheese - Monterey Jack, Diced",100 gm,210.75
258,Fresho Signature,"Cheese - Gaudamur Manchego, Block",200 gm,664.50
259,Amul,Cool Cafe Milk & Coffee,200 ml,30.00
260,Lactima,Emmentaler - Cheese Slices,130 gm,180.00
261,Vijay Dairy Farm,Malai Paneer,200 gm,75.00
262,Nutralite,Table Spread - Cholesterol Free,100gm,36.10
263,American Bagel Factory,Butter Table Spread - Garlic,100 gm,170.00
264,Fresho Signature,"Cheese - Gouda Chilli Sambal, Diced",100 gm,235.50
265,Amul,Kool - Koko,200 ml,30.00
266,mother dairy,Lassi - Mango (Asli Refreshment),200 ml,20.00
267,Amul,Shrikhand - Kesar,500 gm,110.00
268,Milky Mist,Table Butter - Salted,500 gm,216.00
269,Collier's,Mild Cheddar - Coloured,200 gm,415.00
270,RRO Dairy,Cheese - Bocconcini,200 gm,276.25
271,Go ,Cheese - Pizza,200 gm,125.00
272,Amul,Kool Milk Shaake - Badam,200 ml,35.00
273,West Frisian,Smoked Processed Cheese - Herbs N Spices,200 gm,245.00
274,Amul,Basundi - Milk Based Prodcut,1 ltr,175.00
275,Nandini,Cool - Choco Milk Shake,200 ml,25.00
276,Milky Mist,Shrikhand - Mango,100 gm,35.00
277,MOOZ,Cheese - Toasty Plain,180 gm,200.00
278,Go ,Cheese Slice - Piri Piri,200 gm,99.00
279,A Lemnos,Cheese - Haloumi Cyprus Style,180 gm,645.00
280,Go ,Cheese - Plain,100 gm,72.00
281,Go ,Cheese Spread - Jalapeno (Soft & Creamy),200 gm,79.00
282,Kraft,Parmesan Cheese Grated,85 gm,615.00
283,Fresho Signature,"Cheese - Red Leicester, Diced",100 gm,207.00
284,Lactima,Cheese Slice - Edam,130 gm,180.00
285,Cavins,Milkshake - Kaju Butterscoth,180 ml,25.00
286,ARLA,Cheese - Mozzarella,200 gm,495.00
287,MOOZ,Sour Cream - Spicy Jalepeno,150 gm,220.00
288,Go ,Cheese Spread - Garlic (Soft & Creamy),200 gm,79.00
289,Milky Mist,Premium Cheese Spread - Natural,200 gm,86.40
290,Amul,Pro Whey Protein Malt - Beverage Chocolate Flavour,200 ml,22.00
291,American Bagel Factory,Low Fat Table Spread - Garlic,200 gm,230.00
292,Cavins,Butter,500 gm,230.00
293,President,Premium Butter - Salted Chiplets,10 gm,55.00
294,Collier's,Cheddar - Welsh,200 gm,550.00
295,Dodoni,Feta Cheese - Cubes in Oil & Oregano,150 gm,695.00
296,Milky Mist,Shrikhand - Elaichi,100 gm,35.00
297,Fresho Signature,"Cheese - Gaudamur Manchego, Diced",100 gm,332.25
298,Go ,Cheese Slice - Green Chutney,200 gm,99.00
299,Amul Gold,Homogenised Toned Milk,500 ml,34.00
300,Amul,Cheese spread - Tikka Dip,200 gm,80.00
301,mother dairy,Cream - UHT,200 ml,46.00
302,Staeta,Fortified Soy Milk - Malt,200 ml,30.00
303,Gowardhan,Go Mozzarella Cheese,200 gm,99.00
304,Nandini,Milk  Shake - Butterscotch Premium,200 ml,25.00
305,West Frisian,Smoked Processed Cheese,200 gm,220.00
306,Milky Mist,Cheese Slices,476 gm,240.00
307,mother dairy,Chach - Tadka,200 ml,12.00
308,MTR,Drink - Badam,180 ml,45.00
309,West Frisian,Smoked Processed Cheese - Black Pepper,200 gm,245.00
310,Fresho Signature,"Cheese - Fontal, Block",200 gm,430.50
311,Amul,Processed Cheese  - Gouda,8 pcs,144.00
312,Vijay Dairy Farm,Khova,200 gm,75.00
313,Cavins,Milkshake - Strawberry,1 ltr,104.00
314,RRO Dairy,Cheese - Mascarpone,200 gm,301.75
315,Go ,Cheese Spread - Olive & Herbs (Soft & Creamy),200 gm,79.00
316,mother dairy,Milk Shake - Chocolate,200 ml,25.00
317,Fresho Signature,"Cheese - Parmesan Pecorino Romano D.O.P, Diced",100 gm,257.25
318,Go ,Cheese Slice - Schezwan,200 gm,99.00
319,Vijay Dairy Farm,Malai Paneer - Farm Fresh,500 gm,170.00
320,West Frisian,Smoked Processed Cheese - Garlic,200 gm,245.00
321,Britannia,Cheese Block,1 kg,475.00
322,Soyfit,Tofu Supreme - Garlic Pepper,200 gm,120.00
323,Lactima,Processed Cheese - Cheddar,120 gm,195.00
324,Kodai Dairy Farms,Cheese - Pepper Cheddar,200 gm,220.00
325,Britannia,Cheese - Processed,400 gm,240.00
326,RRO Dairy,"Cheese - Scamorza, Plain",150 gm,242.25
327,Lactima,Cheddar - Cheese Slices,130 gm,180.00
328,Nestle A+,Grekyo Yogurt - Greek Style Curd,300 gm,65.00
329,Milky Mist,Premium Cheese Spread - Garlic,200 gm,86.40
330,MOOZ,Sour Cream - Chipotle,150 gm,220.00
331,A Lemnos,Fetta - Cheese Traditional,180 gm,550.00
332,RRO Dairy,Pizza Cheese - Mozzarella,200 gm,233.75
333,Fresho Signature,"Cheese - Parmesan Grana Padano D.O.P, Diced",100 gm,239.25
334,Fresho Signature,"Cheese - Parmesan Parmigiano Reggiano Stravecchio D.O.P, Diced",100 gm,336.00
335,Britannia,Daily Fresh - Yogurt (Mango),100 gm,30.00
336,Go ,Cheese Spread - Four Pepper (Soft & Creamy),200 gm,79.00
337,Go ,Cheese Spread - Smoked Paprika (Soft & Creamy),200 gm,79.00
338,Soyfit,Tofu Supreme - Regular,200 gm,100.00
339,MOOZ,Cheese - Quark,150 gm,200.00
340,Britannia,Daily Fresh - Yogurt (Vanilla),100 gm,30.00
341,Cavins,Milkshake - Kaju ButterScotch,1 ltr,104.00
342,MOOZ,Cheese - Creamy Garlic & Herbs,150 gm,125.00
343,Britannia,Cheese Spreadz - Classic,180 gm,85.00
344,Heritage,Butter - Salted,250 gm,325.00
345,RRO Dairy,"Cheese - Smoked, Herbs & Spices",200 gm,255.00
346,Soyfit,Tofu Supreme - Chilli,200 gm,120.00
347,mother dairy,Milk Shake - Strawberry,200 ml,25.00
348,Fresho Signature,"Cheese - Fontal, Diced",100 gm,215.25
349,Britannia,Cheese Spreadz - Mexican Mirchi,180 gm,85.00
350,Dairy Craft,Processed Cheese - Herbs N Spices,200 gm,190.00
351,Dodoni,Feta Greek,200 gm,635.00
352,Milky Mist,Premium Cheese Spread - Pepper,200 gm,86.40
353,Britannia,Winkin Cow Choco Milkshake,200 ml,40.00
354,On1y,Grinder - Fruit Seasoning,60 gm,105.01
355,Kodai Dairy Farms,Cheese - Diet Cheddar,200 gm,220.00
356,Kodai Dairy Farms,Cheese Cheddar  - Red Chilly,200 gm,220.00
357,MOOZ,Sour Cream - Peri Peri,150 gm,220.00
358,Kodai Dairy Farms,Cheese - Extra Sharp Cheddar,200 gm,235.00
359,Amul,Kool - Strawberry,200 ml,30.00
360,Kodai Dairy Farms,Cheese - Emmenthaler,200 gm,240.00
361,Fresho Signature,"Cheese - Red Leicester, Block",200 gm,414.00
362,Amul,Pro,200 ml,70.00
363,Mori Naga,Silken Tofu - Lite Firm,349 gm,246.50
364,Kodai Dairy Farms,Cheese - Gruyere,200 gm,240.00
365,Britannia,Winkin Cow Badam Milkshake,200 ml,40.00
366,Dairy Craft,Processed Cheese - Black Pepper,200 gm,190.00
367,Lactima,Processed Cheese - Creamy,120 gm,195.00
368,Gowardhan,Topp Up Milk - Elaichi,200 ml,22.50
369,A Lemnos,Fetta - Cheese Reduced Fat,180 gm,585.00
370,Kodai Dairy Farms,Cheese - Colby Cheddar,200 gm,220.00
371,Kodai Dairy Farms,Mozzarella - Smoked,200 gm,220.00
372,RRO Dairy,"Cheese - Smoked, Black Pepper",200 gm,255.00
373,RRO Dairy,"Cheese - Scamorza, Smoked",150 gm,242.25
374,Nandini,Milk Powder - Skimmed,1 kg,250.00
375,Milky Mist,Cheese - Block,200 gm,114.00
376,Kodai Dairy Farms,Cheese - Cumin Gouda,200 gm,235.00
377,Kodai Dairy Farms,Cheese - Mustard Gouda,200 gm,235.00
378,Kodai Dairy Farms,Cheese - Pepper Gouda,200 gm,235.00
379,Kodai Dairy Farms,Smoked Cheese - Edam,200 gm,255.00
380,Nandini,Dairy Whitener,500 gm,170.00
381,Maiyas,Badam Burst,200 ml,45.00
382,Gowardhan,Cheese - Processed,1 kg,398.00
383,RRO Dairy,"Cheese - Smoked, Plain",200 gm,255.00
384,Grandma Singletons,Double Gloucester,200 gm,375.00
385,Go ,Natural Cheese Selection - Colby,200 gm,104.30
386,Dairy Craft,Processed Cheese - Garlic,200 gm,190.00
387,Gowardhan,Processed Cheese,200 gm,102.00
388,Nandini GoodLife,Toned Milk,500 ml,460.00
389,Amul,Lactose Free Milk,6x250 ml,150.00
390,Amul Slim,Slim 'n' Trim Skimmed Milk,1 ltr,67.00
391,Epigamia ,Snack Pack - Mango With Chunky Granola,112 gm,216.00
392,Epigamia ,Snack Pack - Strawberry With chunky Granola,112 gm,216.00
393,mother dairy,Dailycious Paneer,200 gm,80.00
394,Nestle a+ Grekyo,Greek Yoghurt - Litchi,100 gm,35.00
395,mother dairy,Paneer - Fresh,2x200 gm,153.60
396,MOOZ,Sour Cream,150 gm,200.00
397,Amul,Processed Cheese - Block,1 kg,385.00
398,La Cremella,Cheese - Mascarpone,200 gm,235.00
399,Dairy Craft,Feta Cheese,200 gm,240.00
400,MOOZ,Cheese - Ricotta,150 gm,200.00
401,Amul,Kool - Badam,200 ml,20.00
402,Staeta,Fortified Soy Milk - Natural,1 ltr,110.00
403,danone,Yoghurt - Vanilla Flavoured,80 gm,60.00
404,Gowardhan,Fresh Paneer - Classic Block,200 gm,75.00
405,Milky Mist,Fruit Yoghurt - Blueberry,100 gm,25.00
406,Dairy Craft,Feta Cheese - In Brine,200 gm,250.00
407,Nestle a+ Grekyo,Greek Yoghurt - Mango,100 gm,35.00
408,Milky Mist,Yoghurt - Strawberry,100 gm,25.00
409,RRO Dairy,Cheese - Feta,200 gm,289.00
410,Milky Mist,Yoghurt - Mango,100 gm,25.00
411,GHO,Curd,1 kg,115.00
412,Amul,Shrikhand - Mango,500 gm,95.00
413,Britannia,Cheese Block - Processed Cheddar,200 gm,130.00
414,GHO,Curd,400 gm,60.00
415,Soyfresh,Soya Milk - Strawberry,250 ml,60.00
416,GHO,Slim Curd,400 gm,65.00
417,Kraft,Cheese Spread - Original Cheddar,240 gm,414.00
418,Sipahh,Straw Multipack,17.5 gm,80.00
419,GHO,Panner,200 gm,80.00
420,Nandini,Milk - Strawberry Flavor,200 ml,20.00
